<?xml version="1.0" encoding="UTF-8" standalone="yes"?>
<addon 
	id="repository.undesignated" 
	name="undesignated Add-on repository" 
	version="1.0.0" 
	provider-name="undesignated">
	<extension point="xbmc.addon.repository" name="undesignated Add-on repository">
		<dir>
			<info compressed="false">http://raw.github.com/undesignated/repository.undesignated/master/addons.xml</info>
			<checksum>http://raw.github.com/undesignated/repository.undesignated/master/addons.xml.md5</checksum>
			<datadir zip="true">http://raw.github.com/undesignated/repository.undesignated/master/zips</datadir>
		</dir>
	</extension>
	<extension point="xbmc.addon.metadata">
		<summary lang="en">Install Add-ons from undesignated</summary>
		<description lang="en">Download and install add-ons.</description>
		<platform>all</platform>
	</extension>
</addon>